month,weather,icecream,drownings
6,22.382721665411566,6.587092538938459,3.4846929677373732
11,2.8985186107173497,1.2073920693812918,0.679789914325271
8,28.936461169223826,12.014743311066491,2.3794984264322965
2,19.19710682842181,4.796098208712817,0.9935247772232878
9,11.501058836266264,3.193350211481557,1.3259173881750423
2,6.180095657477108,2.0153328038804355,1.4324073681770733
9,15.800930804689166,4.843444853155779,1.8152686563228604
3,23.734535625994052,10.364020932104706,1.7646067081814623
9,9.497199325133176,1.5982030198664015,1.6976259387979287
8,32.158991885413144,24.22872488050292,3.0025889486151986
2,5.650371446117149,1.6341985627544813,0.44721290257676705
4,16.289308045029117,6.277275364849989,1.34998172011505
9,12.238387701803035,2.914929734246621,0.8337976016444234
5,22.40885193777963,9.368003203014187,2.5700645859721414
1,19.571476100199078,7.79301021073054,0.5736363397016229
9,9.298209644897275,3.2797020375272026,0.8013602453366458
6,25.029307369260568,11.565516253321478,2.137025546835336
8,19.063860071444168,7.956232597143068,2.465569079889128
4,17.324460230735887,6.178744268857971,3.0208006575664132
6,19.854222355357475,5.779904718753003,1.6945808401390172
5,18.07995020985185,5.48401569485648,2.038458107910522
9,15.581218293148524,6.801910290560023,0.7633658057513182
2,8.567225815614073,2.093859840359571,1.1958367172366273
9,19.024806163772404,7.841159179546673,1.6071673409628469
6,27.080098977646074,13.514393069854396,2.070536356435627
5,22.75033488337289,7.3298125315095914,1.8882205286979705
2,10.90532543047776,3.1951955768258324,1.3729138488710484
3,12.485271153498438,3.9484079403599224,0.7546989925505262
8,19.660671319641366,5.705076874503822,2.1519296755013677
3,13.922961532359652,3.899198078673538,1.7004045736901081
9,18.14404741109764,5.760399412734146,1.1318991292976184
12,2.2482394818321,1.8731739799240879,0.47768613737307003
5,18.591546248910966,6.833119140715676,2.427706914313
5,20.68847592172613,7.180704900827775,2.2953806945111976
10,9.381096074619455,3.511366517324351,0.8747290113397942
2,10.919837887387317,3.3289836556986514,1.4002800742562986
6,34.22574131849227,28.798600797260605,2.3521008282108475
6,19.27674623495194,6.416577214239691,1.463081002170302
3,20.872445441746926,6.302584122666345,1.262679377187012
5,26.538713678219004,12.11271022515102,2.5230642399944188
9,12.737379633657953,2.947689585076819,1.5936015139255273
1,1.4684628931169188,1.050996134380318,-0.06063727194223478
1,14.6229768832455,4.19394013001084,1.0612144284363516
6,28.29874960715739,16.774491884555363,2.45705486574232
2,8.902721806077933,3.696043001671512,1.538003566739581
6,25.978285948309836,13.562289266142992,1.6615347503829498
10,5.441957705051339,1.7063069068842365,0.5183822739141608
6,22.02749227500656,9.707681849737144,2.6065337971915192
4,21.576232622512386,9.685729891170805,1.4027053278263772
10,6.70114898324377,1.653782396184606,0.4552382254055458
2,9.311638175133403,2.3357170865465324,0.34080300879499625
7,16.105337729823702,4.312782519765569,2.311892109741223
1,5.986332109134478,1.7899225310949822,0.421814954584994
10,17.74209687735173,5.51003919967922,0.4336961829210654
6,29.487929117841936,17.33280192681204,2.7220544583131976
11,11.44508377274117,2.6826497795363897,0.4694015016168769
1,5.705937649731649,1.5403544178709172,0.3642639094834559
7,22.162710309561643,10.565233483243865,2.3810632846297284
7,26.889667505268925,15.161170576872648,2.285114289241111
1,-0.8281207040706828,0.7886301379464333,0.28773699328461666
12,-0.04336689783479564,1.337305945518184,0.4504594854269252
12,13.440591710465933,3.3287022446443593,0.7556256566968784
3,12.841812055431475,4.277118480431861,1.4678800222204096
3,9.994184049819202,3.024652948765736,1.649316889700375
12,12.3957269303034,3.34808366712683,0.37850161542121596
12,12.62166550280352,4.283164626981689,0.5686950386452135
9,6.8484549084418465,1.8072832138244574,1.2797186623513856
1,4.630290048336485,1.8431405711622764,0.3423488516252781
8,13.540942628842808,3.5850812087771033,1.113589410103452
3,12.544726653347757,3.6222744056323655,2.2389788682268916
1,5.296081984956641,1.483707151692553,1.0139544545021228
11,2.9418720339166224,1.4395447704550224,0.532802576683212
8,21.896180325013287,12.81206860198608,1.9408567924153861
10,11.343088864005452,2.9311801148840133,1.4169158270836832
4,21.198403169970252,7.1960479443634595,1.8717911440095834
11,4.255028521448164,1.5804940003768888,1.1720153478382727
3,21.93581215035447,7.755095696766411,1.6451429942162794
5,19.56174557577652,10.494866088401897,2.3099582383001827
5,23.35567677013875,11.641854886677343,3.196661681359876
3,15.227503101638689,3.582454398287863,1.5652216798801295
2,3.386655910893027,1.5163100528211766,0.7220187559892104
11,5.660446200796945,3.1212877379181445,1.166038257192513
2,6.982905501683667,2.863721864643861,0.937919485885995
6,28.505959557280363,15.821224102406521,2.441041559347669
8,14.567161617468038,3.372420666193148,2.1908744623906746
4,17.39501506740647,6.384297518888233,1.13575135136769
1,12.642991578469646,2.9542453240612443,1.3453622113496504
12,3.335912423130627,1.2990154379031813,0.33535201575871776
7,20.73789863664879,13.300362768904574,2.9552127791783294
7,24.52386900193822,11.052472198031053,2.043833704364895
4,21.07530425143318,7.968310066237657,1.63896464909571
1,3.0004521393324333,1.6096149267568787,0.19774067137703347
12,9.281896128320014,2.608148693185552,0.953325056698795
1,-1.4215581666781691,0.6897175947895279,0.7338370736583775
6,18.880776287788095,5.72855033387067,2.353127052061755
11,7.471924163503297,1.5732706456804715,0.19698444745412058
1,3.793319198431163,1.6414357199141045,1.1234080433201123
8,31.388950231341937,26.503155786590803,1.3221005805956805
3,22.30232404164638,8.723737748429413,1.600503042243667
11,10.003032090961709,2.1044091123078132,1.779189995909211
7,28.098081015629056,15.758363370198918,2.6146916433881193
2,1.5650319564839243,1.3516070838567393,1.0554161940023157
7,30.088994275302944,12.694739231336042,2.5475218761956664
5,17.85230085934203,5.452624890774477,2.302725869410924
2,3.9187600431616936,1.8008205725481246,0.981256501432386
10,8.561605204580934,1.9148534589632242,0.5009534030385184
5,23.31509586863778,9.43460660256063,3.0565330723765434
4,23.705779475883418,10.2640052259517,2.0736755729237677
10,8.211788610572837,3.547566311847873,1.5435185520539039
11,3.648734766611521,1.1039140793322484,1.3732111573281864
11,17.855073534566955,6.272699189350711,0.7376978583265391
11,12.914787867330276,4.512141434799673,0.09627191730775397
1,6.4069854660631815,2.207988220973135,0.5474892716823442
6,32.415654407670196,29.63460652390268,2.6859025048695333
12,7.513425541984147,2.2186650491676447,0.7333060764928429
3,16.071576542853197,6.053353952057767,1.4991167579145213
8,12.676143575466124,3.80893329303611,1.6813356436588582
3,11.945908380998272,2.867134539462823,1.051407523750014
8,23.948318188761046,8.8052240454635875,1.7143869793932383
4,24.687136813659247,11.560951774583234,1.3768241075065095
5,26.75155027580967,12.876135448619554,1.9803996258873255
1,6.664028431612844,2.0668412247407733,0.7388949068482105
6,26.67889145566836,23.082705163290434,2.4760780094608523
8,8.166776191554677,3.1160209318396164,1.41001177110234
7,15.995449946868494,4.972103431877912,2.349640292408626
9,3.9026269654152586,1.2252203228297396,1.7067057733109938
5,23.867718303718387,10.179250696214632,2.3000327994935303
6,38.08775535885301,36.64284335377009,1.9909600559432274
5,23.69093534226065,9.939197267359042,2.664774530069842
5,13.5681060092746,2.6692195332110003,2.700448049705452
1,4.235215607639102,1.7397919070277117,0.14150189090064016
5,34.21486095626646,28.123044272442794,2.6417801955826783
12,0.27155857497332203,0.9948952449633858,0.5235948118972243
8,22.506895113754823,9.9828303708809,2.2938978206275467
5,17.67432947269941,7.85251239988598,3.3648289650988197
2,15.19296209339243,5.320312835913155,0.8276398021218546
10,24.332611559312,13.790346121453206,1.0070408063083744
6,25.334871776362263,18.213088554736824,2.927269426877012
2,13.181717807463071,3.35326020408172,0.9592809484256961
4,18.008680546652002,7.414118825381359,1.7874649657118646
8,18.693109286876222,6.679634505963595,1.7425625533864821
12,-5.361334775045364,0.6903532635800701,1.010390646587676
5,22.19139301546279,9.954569784634423,2.4459368543674973
10,13.68019067722112,3.605962615532789,0.8759615711669135
8,16.27512840457571,4.453483053088088,1.1886913200103555
3,20.42133326516509,10.010434659356605,1.8638437028558805
9,10.996497104485094,2.5747401313978218,1.8719105082975211
10,4.5685954146263335,1.164972425770544,0.3773737084346797
11,6.434468197003691,1.9153432118070446,0.5410881478077968
8,17.686058488436757,5.229260259710927,1.7237415885714633
3,19.318947148837154,7.9567304157652465,1.9558371229001825
9,10.134611160116325,2.760594667819293,1.353718361507589
2,9.82252775782204,1.6671239699878606,-0.0020797531499914257
2,13.409527553182311,4.727853456546982,1.0077146145825686
3,20.81820042977653,12.584044711082461,2.010520822920211
10,4.639746634107685,1.1029643800879272,1.4602253812968473
12,11.298485916965598,2.979103974465889,0.9840006872380478
11,11.765977001429913,2.270395517880382,0.9501309800384053
10,12.170377914840078,5.01040075212783,1.413367376560376
12,2.1288520988590487,1.4015845611930986,0.9234922094929747
4,19.104748792826605,5.166632402355425,1.116378204402812
12,-3.72625296547559,0.7815239192119228,0.09051157440525835
12,0.3200751018971406,1.2302156398442239,-0.17608294099451838
9,16.34528774900718,6.4702251363361984,1.305315139736628
1,1.7921967475793528,1.0325806243888207,0.3870714830131152
2,13.738250288002579,2.769979208496327,0.992056103471599
10,5.231940453797586,1.5267305159763649,0.25095347830580955
10,16.787470826888217,5.714176171504532,0.5283033341749428
9,9.424501626755152,2.3402712891094497,0.9866820967924768
1,-1.574004493724697,0.5590341749590447,0.06866174982013043
12,9.163250119576814,2.1637669024445083,0.14907310680057062
11,8.954655224341614,2.2567824375504215,0.29481409185705537
5,25.185439934657367,11.4518892571982,2.6453807282016646
6,19.28956718599162,5.48697671931155,2.7498179218079777
11,-2.0058306901068317,0.7518724014729248,0.5837987344257335
9,18.100687051157735,7.147819429916924,1.4612552363060631
5,23.817279460468125,16.54283528345103,1.2462841359660342
3,22.597075532921565,9.13820501924376,1.2308921371172235
2,5.970145210866244,1.8506659661513885,0.6134075079839527
2,12.099409010418531,2.8643216402175997,0.09971554807815544
6,19.195660814385818,4.312187406558745,1.8284806227441281
1,7.948693904175056,2.1416774534675143,1.441871345698757
12,-3.085585628952975,0.9707412656640628,0.711656438638763
10,4.90957252283866,2.122076768910108,1.1521183134696034
2,18.063132176809184,5.315404424864706,0.4291613339440965
4,18.4776771759924,8.676278462024637,2.5328621043488173
12,-6.268206254336112,0.5798718351026622,0.4388679598445851
8,11.913241060239093,3.0627807279711665,2.4318303072119263
7,31.383696684552543,23.244840028644738,2.7355352122255248
10,15.058042980107949,2.846148805812743,0.8361844609725921
4,15.123559788159826,3.5683603142296243,1.6600322279704358
5,23.36515104708343,11.306080091045185,3.037536919309473
8,20.05996599374216,8.772521645652738,2.6585985020313156
9,11.266829868391902,2.220214442274088,1.49745084130006
4,16.16983408741073,5.475158111495657,2.6609000571797576
12,9.591802105032382,2.3750906976695196,0.4115764739968941
12,5.227620642987527,1.8222160397176907,0.0409767213631306
8,22.239763456215293,11.45012617651858,2.3105582266335776
6,25.755640488843873,12.260336448236817,2.623377231230413
5,27.073155005737817,20.350915206066198,3.106883855773365
4,18.666025321118973,5.715625910889052,1.5303163045926855
3,17.65668082989146,5.055938833057882,0.3882643654488538
8,18.714922605179428,4.3496268970757015,2.4189653080146187
9,10.499433521684711,3.324745784779994,1.8353114918112963
1,2.797376069734338,1.3741863289418885,1.0745399042374666
7,24.492924415308735,10.153539730676425,2.4707901761977835
12,7.331460272940315,3.384944084799789,0.02873747582935913
8,21.659946317363477,8.499934237000154,2.4591502477051472
6,19.155905130996068,6.344986650143555,2.7186645513634673
1,1.9800632647668959,1.1880046416308823,0.014121346952017522
10,7.99515550577149,2.373140528195098,0.4912694543054086
2,11.566011689634516,2.938233305305205,1.1178294066196786
7,10.599516994106176,2.420976976840085,2.0286194940365347
5,32.11242698422981,25.438873576549167,1.618000951225303
2,14.234399080864875,5.754432239110245,0.8714921225737385
3,17.695958210979946,6.215944059506099,1.2967254264000596
8,19.76790810273621,8.967552404906113,2.783243079167386
5,24.851443537083494,7.99803155337461,1.9358711711782512
10,3.9711314986236443,1.898248846528775,1.6310107179294677
1,9.646043449975735,2.4287141743664478,-0.201875539934551
2,7.421329623579798,3.889169041204314,0.818350930482711
6,24.981393352726364,14.683837632996104,3.1169501579582737
1,11.151973652747358,4.57923835829524,-0.46096902223601877
3,15.704718328524777,3.5778494195880257,2.193624224698704
12,8.499240364784708,3.155089544681125,0.5193858928372393
10,9.38963520848536,1.9885784407320621,1.390215099371174
9,16.00503403650304,4.383152973827743,2.304059560265401
4,18.454326694908367,6.249278445906202,2.003687106545191
7,23.149020038997463,9.82642938183169,2.535255691628471
7,24.551663602147993,11.583930887756532,2.4358682928735638
10,14.501334172912765,4.980295952543532,0.7952501341624885
11,7.647348804510396,2.6312203293563985,-0.12598594110529487
2,6.558472692532115,1.4195454082789578,0.21700646986239233
6,22.132900739428834,13.786001352841293,2.5251184112605536
9,11.97222652184298,2.9627591644957216,0.9629751472983487
7,25.938627697862398,12.989594678223867,1.3052022295566093
9,8.320480216646803,2.4121550179082707,1.7662216721571455
7,25.307447936705678,12.19389201012958,2.073303695886767
12,6.725935384615928,1.407593510677618,-0.2516812414913802
2,8.82276892373152,2.364646640248246,1.3804696250725288
12,7.925263789593867,2.3243815677400765,0.9910007661794911
11,4.440782828545883,0.9929939138009949,1.3047068469212562
8,17.731878089715472,5.846288345027618,1.6402790306424937
10,10.214602617127968,2.520425233805316,1.4794200109664073
4,21.039163613807307,7.655279410241437,1.3922354376714674
9,12.575936003367064,3.903538584644574,2.8449622469547324
11,13.958010208992292,4.182318045329345,1.0221894659635236
5,30.401269375728685,20.973050809011674,2.651110735687623
7,21.491993673243243,14.265668427922733,2.3175575768399272
8,15.946890536758163,5.47298254660414,1.6476912522236244
9,21.79566217105542,6.913148440740929,1.1569984572172938
4,25.462088608478133,8.604798475697304,1.8989636202009768
8,21.856038940597948,8.520987156098661,2.5440305931098255
11,7.056422807994682,1.6963157130979707,0.9261744153675059
12,13.957928224560568,3.312474278200103,0.47998962249664656
6,31.663650198868122,15.92985779252645,3.4220268415673
1,0.21588415901132318,1.1609425295875875,0.43903476475537195
3,12.30934902356093,3.4512504119614027,1.2402513664711368
8,17.372478455050036,7.150692317821063,2.493099972726066
11,7.1549212061486624,1.7569795496742,0.32987589326783895
1,7.658624589891832,2.1289752965374724,0.13232273201671704
12,2.975299138725992,2.0991495141338308,-0.43817401521636107
9,10.816042094096748,3.7341187879085505,0.26924474662639425
3,14.7335173850382,3.7072181681001686,1.605600449283873
5,28.537284998227207,26.56148537693541,2.6418918559746247
2,7.93927978324447,2.0593509355597637,1.4722898897246979
7,26.879794224329384,20.513063412815434,3.114863963806163
12,11.941069920590731,2.9350409691390564,0.37342756137783223
6,29.17608039963837,16.0438813854389,2.5156812107896322
5,15.27905282071614,4.807239720033525,2.382843639904292
6,17.894726416226625,5.555808645062032,2.494591579325273
3,14.826834130225171,4.500221590322116,1.2246444998003694
4,20.21458505345622,6.877613478529823,1.2847566805550725
4,21.39589532319996,5.586119324946701,1.1913197280909118
10,6.89032020368912,2.2779393526497587,1.1965445375336203
12,8.930556834313037,3.260576442718046,0.9474258992210314
9,8.893707897516467,3.096859115321401,0.5050501149603374
8,21.924478714319044,7.887458923086046,1.2889806794829046
2,5.7523290296437315,1.1712656182251149,1.4775720923079914
8,19.370966509839405,6.757449263632978,2.5749373005644056
3,7.431938456285493,2.075319865617727,1.2044320955867658
8,19.51470761879668,5.51983245748225,1.6764626030936172
5,34.684188044077615,25.16572438963002,1.4565613836729792
9,20.09231274534301,5.296550550697375,1.3110905116564664
5,24.210962269784414,18.750252387704684,1.9905641050619587
7,23.063720461417276,8.166119206785792,2.349744414538306
8,16.72017229584758,5.917968098842377,2.1508571360275277
8,10.327178196034833,2.228570572999469,2.1652759309886824
11,8.918606197225877,1.6464442958206422,0.4493336938241333
3,15.24834176037115,3.2897993394228244,1.6361876305455565
12,2.984297207728301,1.3431996155097154,0.39527287117572896
5,29.830959882941762,23.17663564740726,2.9908411646903534
3,15.43560619369843,4.5226460917892375,0.8549039772382028
2,4.894157874779013,1.5291497523594413,0.993956505088534
10,9.120823698779258,2.704002415240513,0.6967635412524341
3,4.713932619928933,1.9973127141049982,2.2481229406525443
11,6.306056045501841,2.002700928197779,0.9044105595852469
8,25.41127746188019,12.759036583786138,2.8085455887124198
4,27.252445954127367,13.435545360897034,1.894285332201472
9,11.98453183941215,2.2484219048442253,0.9275219638747942
6,32.912185668695074,25.120131828262874,2.99024953006639
9,21.376755934535726,10.969965617126551,1.486054202435045
5,24.162419824470238,10.042923763288192,2.7652833930019156
5,14.955226667845935,3.724586842978963,2.769843133147653
11,0.35570135992884566,0.7581779864011038,-0.6123324945964465
2,13.5939928995867,4.447719794758859,0.18830086504852375
3,17.035959211130695,5.3948643486278876,1.3001303821644432
5,13.084974301524285,4.068708056648014,2.5459492008839217
1,7.5674017835704355,2.716104768638945,0.7586310975536885
9,22.18917311069456,9.981007389918291,2.015468008838851
12,7.968098293437903,2.9570313954662897,0.6642344674006386
6,18.35997180854239,4.980160968762223,3.391352428143142
9,21.303240233061103,7.926709204288107,2.2610743041504473
7,31.347853326371983,16.586475397217495,2.587297888524631
1,6.714132265575348,2.7774688622317822,1.3439505783808334
11,11.429695390518619,4.167044687326692,1.1710594737509732
8,23.37406926167802,8.39849234337027,2.391768153600139
11,7.158858533595621,1.8356015666456231,1.6186470265996702
3,12.528313441632807,3.7431844854514904,1.4863794132080754
4,19.103577488677196,7.493417135422182,2.9277417613468355
4,23.662218157716424,12.314113597294948,1.528146427515519
3,10.510127168536336,2.6632146647645616,1.9780796987935405
2,8.097594246608189,2.0055763481566187,0.27150266856325617
4,21.508543874042267,6.662527736333001,1.97786241162069
11,11.397422392856617,3.7761757885752982,0.5862113176585821
3,11.902187980927895,3.1982899043689454,2.2656071367613997
2,14.32628279591161,3.9319073985638493,0.770932266432539
11,8.103024423967693,3.0782938103262008,0.31683695239622944
10,14.104324018211509,4.502140585498234,0.9954282447527305
12,-1.5738374959359884,0.8950873290273222,0.423356938194307
10,8.925375421775406,2.8352320424435917,2.0944119165880943
12,3.574333178832285,1.839126950961565,-0.6990190540372243
2,17.446333270739643,4.152326819507663,1.0122154237359444
7,25.99708226974304,13.524192707509474,1.728730193631764
6,27.546629673578813,14.074477207574432,2.8869037472128856
6,27.785783353971812,13.13530283707646,2.462885276319586
9,11.348628746116503,3.8386587028740875,1.6216104107629477
6,18.9942601730188,6.488321369004947,1.6129795437528942
8,15.093953488764347,3.867668408750398,2.535585736630356
5,15.463805723756012,3.8005271624676977,1.5880799347986025
2,4.848245420384977,1.3160553217153679,0.9395084600629335
7,24.560760886586714,12.22117961993323,2.572109721495471
7,19.542615731188405,7.910316180858915,2.5644414329023544
3,10.802821521945958,2.7694987016188883,2.4256789225086006
2,6.525935302672033,2.1321049439441206,0.8802138314675179
12,8.686832804727281,2.2071543281826798,0.39818243127399594
12,-0.382240979413508,0.743659457872876,-0.4803751098650434
5,11.50928291723517,2.807523863948369,3.264773466709152
2,14.059443101040479,4.346999586121097,0.5346124387804786
7,23.264269827339458,12.432557652548324,2.997629573019811
11,15.125611951327086,4.445872327646482,-0.022664700324532473
11,10.716979619266688,2.2232249941163693,0.31619727434332795
5,25.49279034294315,11.696355829729805,2.153799571484607
3,14.07739370635501,4.39830538700245,1.8734517809088733
10,5.7629730295243515,2.337453548896245,0.7990547332025391
10,8.169089511269275,1.9536781481552818,1.3420798035255002
5,27.550275720636183,13.781705838515089,1.672900528985
9,20.709492202415028,8.035450307534347,0.966446317825723
5,22.460677201846178,9.02441862461297,3.128196814140177
12,2.408901893871904,0.939685154884999,1.1136620963022914
12,-4.470211361694048,0.5397118675016437,-0.004207767806363983
7,23.84557378505008,11.319412563351369,1.933868725805362
5,26.401950764691392,16.312333670291896,2.06750302517881
2,12.130848112279393,2.7089022792133,1.2300227168825146
6,30.67444859238368,24.8084507784971,2.546369828556739
5,22.065886498749457,6.226759370048634,2.0221677323750535
11,0.9168273679966434,1.2845984797959078,-0.07091764883676231
1,15.932500468920901,5.0906448692680755,-0.5859852840386701
8,16.409574719932802,4.191177238888105,1.9186728644043436
2,1.3429864304400692,0.9416010691451918,1.3431899722807685
12,6.081652165766247,2.4414246261034234,0.39568490185841876
10,-1.1911534037474443,0.9675713162735123,1.236595237837267
5,22.527977657890943,8.309766217226906,2.2926262758745817
10,12.481925514361402,3.104191380701359,1.6066021269373132
2,8.102659355989562,2.0801064058457928,0.9842638316761629
1,2.2455069682106537,1.2209931544295909,1.5115592033436693
6,19.82179757819138,6.768786511868913,1.886903683115806
4,22.569815096154443,10.466804084219856,1.9114492305598418
8,15.320990981795504,3.3565852243582417,2.299486964578891
5,24.918711863737585,11.787741555323665,2.606824086495863
1,4.021561356453273,1.5359423058995452,0.957749844997554
4,18.629652268987694,7.4162529820581655,1.1324619552414694
5,23.811592432837273,11.296218638580307,2.4954884289197703
4,17.327657820609883,5.469251777107695,1.7483722390075827
8,25.181806836271544,10.788845385566482,0.9938121497463414
4,14.021844107773791,3.343864349457529,1.6732797998741427
5,22.059127717683545,8.91650086627614,1.0296782513389389
12,7.136188948392798,2.2086386584186024,0.08927574713671778
4,14.165425794238018,3.6354531359565088,1.880545613471833
10,4.9947133377820805,1.3731933508942673,1.030039522526825
5,17.529911838366736,4.052151421904947,3.067632079436517
7,22.429740336670534,9.295815732439056,2.1879329608449933
6,24.766191817194244,10.099730649391505,2.129455807473661
3,21.995372610548714,10.871374979420068,0.5010140048238289
8,26.594436839494517,13.17523765806042,2.45267459067374
2,9.258114418944459,2.717840654659542,1.295570057603579
9,22.077236300920745,9.946708577328561,1.185037438805619
8,15.479885858585678,5.4560910103394145,2.0776978279873677
6,21.378638912730008,8.226188041671652,3.029496951502335
8,19.131159353409934,6.70171652505867,2.56991958990893
12,10.252539460265126,3.060030498535895,0.042190771421041176
12,-1.1668874910384854,1.1586815067417482,0.8463320888876962
2,10.142407389126507,2.9634035479369802,0.5671358064321675
5,24.3535209588761,7.618486258238522,2.3681985620807042
11,5.650422780550168,1.7641144065387842,0.6138299511517772
8,18.24480404407226,6.941683806745335,1.5320711988686857
8,15.156756277864694,3.8840426575010705,1.7252988327520538
6,17.726960029275993,8.926788632647407,1.5322584711298557
7,20.531910871877464,7.219395172355259,1.650935753394932
11,7.593179777397307,2.290858187660564,1.4351009739376765
12,9.234045050813108,3.08384789722821,1.0976346948640008
1,5.753325293511568,1.4794930580479873,0.20025586767689943
3,22.081461796575258,9.594327737828207,1.4908855712064106
1,5.418283461623515,1.2878174880143616,0.9080819461240008
2,3.7064874288945235,1.649612637104333,0.7070534060319673
7,20.731391981868132,8.27413065143678,2.0773712573107006
2,11.263623375155142,2.4125585524373623,0.9834818298658123
8,26.382559181596413,20.226700185246592,1.1279885248283572
12,10.355370919923086,2.7886058727510816,0.6616235291995829
3,17.970146867901644,7.126614625843883,1.905761034355637
3,15.542373457050441,4.575574069050112,1.368235802978464
5,24.22119354757189,10.660092564745389,2.09168105684013
1,-0.5706635496713108,0.9962798400156658,0.9245883652259137
2,7.939302718708649,2.2638990543058437,1.8541306160814282
4,22.917586531213374,10.318967812621942,1.7750323727089363
4,17.65486981736132,7.127658577974692,2.058436853679993
11,10.697715766591937,3.1589344486057396,1.3018217886022219
3,11.289083409113097,2.7570735781010205,1.9609459900295048
12,11.596183274965675,3.359826126913978,-0.3207166953184604
2,7.700028924883785,1.7976834113575195,0.6463331738960604
2,13.291542641364426,3.339972859732462,1.167640364202933
7,17.093501357212624,6.825542799598269,2.6543352851360797
8,23.791884906761222,13.199187683752214,2.1022564224676223
7,29.635645489065016,27.2017004699584,1.6680241126459734
1,10.40944293801954,3.6719356739031506,0.7086758448123244
12,6.324037313332604,1.5796798477888045,0.576889034527927
2,13.603428110269192,4.048728777376446,1.0808365157220317
8,25.784157188156303,18.11448488034021,2.4194589462080422
7,25.13283106082172,7.800588456164717,2.9699886049558315
5,32.55883439696718,25.886941233059577,2.123480409433324
12,5.646498846254158,2.2929360066877207,0.4497218776977285
10,9.807136777865045,3.489526149156577,0.4647147469093824
11,-6.199589743217555,0.5291614307940399,0.6571524219673516
10,9.126162928161756,2.3992105161258204,1.8528392108241645
6,23.693188901360823,10.287628069628042,2.6909058144446805
11,5.901965150701085,1.7665053338490706,0.37211857046849645
12,-0.42993642727190107,0.8610143932344185,0.613767362107247
4,20.921109910588886,7.509314889355925,1.3985364735817587
1,6.556498484198388,2.458666700261463,0.46770427585676
9,22.89806575387562,7.921491654113204,0.9274339127116712
9,11.43521042821416,2.8583762565502964,1.6403445006161324
5,19.350956999178432,7.31811017118955,3.2575426332287365
7,24.619947003312923,10.227003389028422,2.216474198747576
1,7.9540261938509085,1.7320478893560234,0.06089074436634841
5,25.265072953336144,13.259558947682642,2.9270744507233313
11,9.35142617412912,2.695272434609325,0.4821622512743098
8,24.220497729650845,9.29466590086145,2.5093144826158427
1,9.135655538044947,1.8913484808405634,0.6801709164796449
1,7.456195258990097,1.835573229903833,0.5794034138194935
8,13.515501307593611,2.8955541330660433,1.7599254751199211
8,25.734004858200347,11.345527113211803,0.8037657799069191
11,5.480483761638166,1.4907723284425696,0.031322550246648186
4,25.468519392641554,11.428590483846047,1.6377727059020266
5,24.585589253966322,10.445550507223283,3.0810951081384594
1,2.8512765813203775,2.1746565947895613,0.8252247766544345
12,2.1343487600421174,1.373102970207194,-0.1223583066428664
12,-5.440021252179509,0.5290998686863029,1.0250453794658092
3,4.99677126723719,1.6935037348421402,2.0695703268058394
3,12.194479654125644,3.687735905809689,1.4862038445693806
8,19.836605314709356,6.4680635443228125,1.2416975889336588
4,19.856910981739087,7.724629758685806,1.5882783392919864
4,26.30636473508236,13.002034348796233,1.6763960264084368
6,18.40428077433382,7.733534560696623,2.4310923334687597
10,6.4061998768689294,1.3901202847102059,0.8098759490576349
2,19.299611011287624,8.08408363722433,1.9117319895592837
3,14.158182652158542,3.2400574810576495,2.166748398728968
6,28.28754523998537,29.117222425256507,2.654425969465005
12,5.686923853510742,1.724684048225332,0.986213346952048
6,26.93666292035517,12.817847906877356,2.3169869080914594
7,20.381113786660876,8.799366102436396,2.4683840803098422
4,21.068820714294205,8.593924021214326,1.0471636895053225
7,19.442374505366296,4.7246112247108485,2.897295114810091
8,16.576384383631122,5.848422929269984,1.5529113476588399
11,8.895824078899743,2.440554003873381,0.04582466235169447
1,11.546798552331222,3.3050323287366545,0.20797633959447
3,21.015476482102166,5.819405160486132,1.5184218670937764
6,20.57304789854668,12.08830266115658,2.0316388353155235
1,-3.186840844585248,0.6549473429911882,0.5901162452324592
2,11.273641972074628,2.3971722204054395,0.9450929360489838
9,10.723395756057444,3.037433354764807,1.4045588484064928
12,7.358067417043527,1.7049194186529195,0.6608731903201123
6,29.42883903862854,18.36281176978748,2.404947265638066
7,26.5724763720199,17.039250587098334,2.2818002046447425
4,24.779908478372235,7.935280013101353,1.6720688161851456
5,23.428392625470398,14.4489476809678,2.2727158928423123
1,5.405826632831139,1.6460258920068291,0.9549631932917674
10,10.543886376242536,2.750698450125584,1.8255587804941165
2,6.342394867628099,1.8842856926483633,0.8971624134676888
3,14.314989989317281,6.514399164839006,1.4590154034662524
7,20.91215188688399,7.029333821822374,2.6787893319797647
10,11.256350729549096,3.847469006156638,1.184496264703141
4,22.508632266084053,7.704100634799224,0.8554818408506097
1,14.25137126433492,2.6863375055807364,0.48924407103287804
3,10.00878552069948,3.646939775333176,1.5618004839623305
11,12.208061381713673,3.3839706221589734,0.26122218150804793
7,25.108036039699577,10.736965449794834,2.7546834114652547
7,23.92779255640356,10.860629809798768,2.0715096008630547
9,10.619035171097364,2.7116372104992017,1.732329285729489
12,-1.0653075688239602,0.7351173186018602,0.8748987436000724
10,6.625870354418394,1.4916492669654386,1.4316847429437676
4,18.08004095086783,5.562007394230975,1.041765886627144
5,17.431315010532128,5.208556700557976,2.8495301080688
10,14.56647922132884,5.0804522789803475,1.0358737126264357
2,5.435863052097247,1.8256692049695717,1.1197483900267367
12,14.18151794633996,3.473753455622315,1.5318200491647624
11,13.534390366224038,2.7032113560084263,0.9950517963267353
2,10.237338348090534,3.2577096906351284,0.6194068357004145
11,5.29831529262526,2.036718731555565,0.6290322513599587
2,12.432128184823615,4.523790780137839,0.8907813701533999
7,21.234821541598887,6.978820748893718,3.0621944135480414
11,-2.7227783674946355,0.7094021707902474,1.4033381924171735
3,14.034771119364303,3.6628792673895436,0.45542187707068965
9,17.18123785639493,5.504595104699105,0.4546845650535014
5,20.24873366206094,7.487945425731254,2.86148154888658
2,13.627008986032628,3.7945822514486416,0.3681788693564741
1,8.425375851292474,1.9492756455372624,0.6487589804721035
1,0.42172166398115607,0.9216591033310229,0.9765269357786099
12,-5.03086974109722,0.5629176790724446,0.5028737941142084
4,27.15579017861181,17.013956743414916,3.24735629952346
2,8.312557631742674,1.8700634515125265,1.5453029454676503
9,18.134200536683448,6.862651572781305,0.8354727643750307
11,6.6256410101856895,1.9715756133847944,0.2492122436562296
10,-1.0284785550097801,0.8442387106297319,0.3386281673109608
10,10.850302620155095,3.227917885448897,1.357671742008538
11,2.6210966814223164,1.30285187554088,0.3661909783810556
3,19.45759224901539,10.71399598690627,1.1639643371273327
5,33.47663083495101,36.18678613279484,2.976671202586942
5,22.90419055078638,10.524916833593682,2.034114643393563
12,2.537963828683104,1.2925797194451993,0.1407727892886031
4,25.93981411551821,14.150078434101868,0.7097524712799617
5,20.022205142714203,5.211053411677925,2.944681129511441
7,24.27495940063877,12.548707988284086,3.3406709376358954
7,18.75313581970117,7.278238239626233,1.9284983956084816
7,26.042801981826642,13.558714749633932,2.177350476715637
4,20.720833483273793,7.716835523004266,2.3518508426839624
11,-5.2840931385181715,0.5184726329545474,1.6125054216295887
5,27.933563877695732,14.23997910313896,2.8203134025529892
10,14.218844173427836,3.083254737618618,1.4766369050157442
10,15.159172837642167,5.999991194746784,1.373308401742425
9,13.252046978978823,4.076792344024948,2.1600724170257783
11,14.951696058829343,4.069476262824179,0.007338518881661482
6,22.894196329553587,10.51473682463816,2.082648666619474
4,26.33380741025651,13.603601834298836,1.921518730142532
4,18.215394158620267,6.336889527358474,2.0698532360261885
6,27.571968587533952,19.496299840820186,2.333858879090104
6,23.298252995315217,10.846257123978718,3.109901106812535
12,4.418094664076704,1.7940025961634158,0.15139096604088176
5,23.857956394710758,12.119045648847969,2.801635762471396
1,6.726148727929755,2.0008062644539986,0.9804786081932794
11,-3.5152391612932377,0.8133735670390689,0.8276111524028938
10,12.989482500621337,5.302906070758918,1.7103680136734707
6,22.114379201375037,9.360630334962218,2.943976057998193
7,27.190649504977713,11.745511163695765,2.706876016290821
5,30.034695126593743,13.708852935330164,2.2424200970605006
12,-0.2360046711284971,0.955942535654534,0.36188422897686484
3,17.94252140828955,5.235308311793231,2.3217649368411224
11,4.363720512900477,1.0502776177643811,0.9865871925426547
5,31.26204135021804,15.558759409403343,2.8786333377663667
8,13.36144370397279,4.724236611095652,1.9512136851178452
6,27.70682050712472,15.504871337185994,1.5793835770875788
10,15.317654457635715,4.304528208968271,0.7077254663684318
4,19.2347134741061,6.041638269346862,1.1905140694560772
6,26.126488188392393,15.281942522316935,1.8804829582755982
12,2.233391687578034,1.089442889937562,1.0342032972996411
11,3.786826848008274,1.1732344868906508,0.8648599695458419
7,23.390825457427475,12.88385309792844,2.294470483972931
9,18.32414785534943,7.999304103301645,2.1169743052471572
10,1.5276650543181614,0.9570529319770676,0.8852076797648103
9,17.45857634009078,5.695448997129798,2.06933388552626
9,14.782174641873377,4.288646465637804,2.0472869829947578
4,18.360595736418173,5.685431794695549,1.9482796896052197
9,17.230696423945854,5.102956878899232,2.078829943859177
11,0.7555989479043044,0.8190978321055613,1.157890256772146
5,23.325525664464216,10.67821825710306,2.6544095182885834
1,4.9217706929431415,1.5950664380593038,0.5656944467442425
2,19.881439317001206,5.568426288652756,1.3858748659466584
12,3.710801214638246,1.6470653178804306,0.6976493022304394
5,30.962761901100126,19.022243476150567,2.353260227409796
10,6.965485468749087,2.0881587012736,0.9117050205545818
9,13.700787484553668,4.365357511619381,1.5616774009793286
4,16.461806099603844,4.963135264136665,2.0434877049277573
3,22.26380013035125,8.804241728847707,1.1344757050276504
10,2.603153730976234,1.1440077800289206,1.5769666029580691
1,-0.5245232135543034,0.9323001449056826,0.9406007648742906
7,23.57821937045701,11.387342296306176,2.3244621594880464
6,24.043600465657327,11.588157135074528,0.8779475163669596
11,5.615045396700361,1.692272881780822,0.20679114640902638
6,20.181248239599114,10.89462188916574,2.88906428226903
5,17.136731529484663,6.488731670697226,2.049286112275188
2,-2.0566227782114446,0.7703158953940751,2.053382769726445
2,8.104595507000965,3.009011415599039,1.2153601979522604
11,11.818078303523425,3.678715003300126,0.025849082732490914
8,26.651160866525444,14.599603746933887,2.0280686086632014
8,24.57528967703434,16.824530205160325,2.6930396534903362
4,12.291686205990189,4.047237571069341,2.3491209815017067
1,5.101380375625441,1.2231906570231568,0.309672876135102
2,10.269410430429607,2.193678660284188,0.8888086370683121
11,3.2854429065398785,1.084909091830688,-0.18115850534789413
3,23.825366713761326,11.133106803980244,0.9324471780996415
9,13.64864856658355,4.256371966969955,1.0039805901521743
8,11.117789163932681,2.840822735742431,1.813637504218605
12,8.526035974797175,3.1641476987627097,0.7726013284059594
1,5.726499782946229,1.8000103079969383,0.4761481353492954
6,22.562000886118312,6.605892435909625,2.924261078237162
1,2.268963184838978,1.3628601957437254,0.8375825777945107
11,-2.4359549893078736,0.923339806914436,0.5389065632683329
12,11.416578316344369,3.5077926669359454,0.747911014035325
11,9.20104195294557,2.7256423597204398,-0.37555683430555736
3,14.538561663578927,4.767469958781678,1.6245123861583033
12,6.513408312076434,2.548528253303461,0.25207564693380535
2,25.013862378955245,12.129548426146012,0.8863737290851635
2,8.135833268427268,2.20963353308305,1.2190244866395241
8,20.657386081614558,8.33026301857951,2.755015179933121
5,19.48960117350459,5.988172934951524,2.927567402792704
5,18.872305292868376,6.6690589174985,2.5564246740951337
7,33.67297982312814,41.10738139981381,2.9494665839122507
2,9.096585793125294,1.8171135011029662,0.3906817096679527
9,7.896229082893386,2.4971864039093106,0.7671323671304896
7,17.011172851403217,5.566069401133656,1.7839225373924945
10,6.855913684209696,1.9127105321194364,1.4922236983188573
5,21.184354654779632,5.635068224145333,3.0864553734283326
4,16.98808442297472,4.610892763005544,2.5213510804995845
4,26.209867512919935,17.898286725161533,1.8043246342525607
4,26.212267287041055,16.53921974325507,1.5238412401071593
6,27.490714237187273,18.021193676309846,2.6038331636026126
7,23.839474832907516,9.7991858153999,3.418171418364901
11,13.605499038179488,2.3567559464816776,-0.21063846658975063
11,8.083687691739666,1.6785431498610828,0.2590423984757056
2,14.33824383170704,3.9213075859654616,1.4358060495907932
12,-2.1994478038172813,0.8562767645524445,0.2668886896944865
4,14.210494977797207,6.536975952967068,1.8697049048952377
7,27.012522640121908,22.30152245181637,2.967942842140964
3,18.095341844610832,5.278480441304592,1.7053712812164605
3,17.203161515962396,6.041695810129175,0.7953901245097037
10,3.8235297347156196,1.3735708732363858,1.7250472720091317
12,13.489301667337145,3.956040097098319,0.8515847528953464
5,25.093745584426035,12.781580212858422,2.3157731592718327
11,6.605797914897636,1.5227494896864886,1.1414580626821011
3,8.630022843534597,2.28038611434808,0.9626464531408789
1,6.534895258161114,2.0152674004021613,0.3117222188170879
4,22.187514069287342,11.17021256283496,2.8871875916424643
3,9.788570984668052,2.177332613767488,1.574303407877546
10,3.6093011006008187,1.6631027762031956,0.19661406813893337
6,16.454884933280095,4.757716181119256,1.1859796356058618
7,26.426867566741265,11.050395280533648,2.634385494945097
11,6.4770112857625595,2.5024626023294636,1.1675414819103886
1,12.888401013330895,4.22964051834046,0.6382163375364087
4,13.716775460936466,2.997618065748193,2.94873706054836
11,12.820421944525485,3.9501067971235626,-0.013942896267511086
10,11.720052540859665,2.530147798550921,1.7098573980906182
9,20.60376229458585,10.076079207363964,1.4164730669313466
9,17.754503804096277,7.713954011336088,1.235168622573745
5,18.832336087183766,6.585765583234203,2.4443610723465934
9,18.392154904489274,5.476647944480604,2.052444935196305
4,23.63173321352923,12.727953412543927,1.9101327021384371
2,10.95075489105371,2.410526882869444,0.029243019892296652
12,3.6287194703125474,1.4608484041513066,-0.33317546605506954
2,12.29727649039111,3.5861472827761305,0.41459300688526135
3,10.095472320461814,2.002992114727517,1.422777412766255
2,14.252472225236378,3.6838042219928124,0.05484196289548482
10,9.968288352153136,3.623842343706266,0.9897055030112427
9,14.805573324665238,3.015825475741698,1.2900173518169102
1,8.30952068539506,2.021399344733335,0.23066083861530925
1,11.14767761121068,3.263726045278542,0.2112809276681855
2,13.606386522659152,4.593931538130997,1.5990376602541703
4,20.744555343407857,5.585858490476447,1.1053393103731173
3,13.376197654161903,6.8639202118438325,1.8771586610418556
1,-2.9371982998948845,0.6931272473352132,0.19040109511160017
7,27.86141315488077,12.832379602475868,2.3330655336367663
2,11.673276182943741,3.7074942429528845,0.7743120029784349
1,15.40581011379453,4.181636878805387,1.787232282147059
12,-10.26606408500574,0.43622845681568306,-0.06376337730916948
7,31.62574502975319,23.058849124605672,2.6683918217596645
1,2.167551249006917,1.3545096243198453,0.1178129943917682
7,26.38801859850414,16.260456516280296,3.158621969463667
11,4.2055596202092405,1.5581347344549228,0.7353732224158357
7,27.17297343508382,15.301350987669359,1.9440377086480887
11,7.193553294256035,2.413851804942807,0.3375765408061085
12,6.6788729243109906,2.107554515068866,-0.028913877214207063
3,17.07416079009043,6.62021619743276,1.4035114636114905
2,14.064850883486393,3.1606703086489363,0.9723750993683894
1,5.767612462464698,1.822933145803642,0.7536985378652961
3,16.969279726194266,6.777468294733664,2.2904888638133323
3,16.76905398599237,5.50438955990455,1.6739045446001253
2,11.37495688402209,3.703915481813524,0.2725675339426847
8,14.06860239534911,4.186600301015076,1.7479401496939673
2,15.673480959203642,5.062318252249593,2.076776760493132
2,10.61792195430688,2.5329728479262674,0.739007789798656
12,-6.980599408586974,0.5569776392849671,0.10149194743768747
1,5.640077731806695,1.9051832377688125,-0.1554967542036783
10,7.989197839378585,2.616163559765262,0.9415117420439423
7,23.0854028784014,10.226743982081347,2.339323266202189
3,16.492954486613975,5.001428593050598,1.6997897746586323
12,1.3675727357700747,1.45883500582994,1.115636160435871
4,27.48156489165741,22.684513253559647,1.6294885553610574
7,19.416471317062406,5.669067905129995,2.5817764012721516
6,32.18991444205074,18.783274671051664,2.4053288881417987
6,28.676252282677236,27.017593182693016,3.3634068103893764
9,17.805302790753498,4.662333629604501,1.7405933360696537
7,18.32007429714708,5.912181335845039,2.017665302820589
5,21.720545997342914,7.270691126870492,2.1411389605421185
10,21.11374794236095,6.472407546644751,1.019181879848043
5,16.697331263488874,3.8869864016958844,3.609817866351959
3,24.384047665398207,10.920213215957723,0.1535344446972669
12,-2.1717412984902262,0.7406809387340634,0.9579604002889511
9,14.573267181676135,3.9374779836786096,1.2427810237478951
6,24.66468099732441,9.423942387723445,2.669827647927324
5,23.555271180889523,9.150413832008127,2.3675627088211146
7,27.730353014854508,12.96811120012609,2.6239617807061375
4,22.6085979482765,12.188095122258979,2.41960551398217
9,9.102538416034811,2.636673549084505,1.7189065737732463
7,29.488999016748764,15.61147482731727,2.674947561184565
3,8.612088733477066,2.3003174060742246,1.2080261566994683
9,19.446417576754378,8.595116750970556,1.360741861032917
7,23.67449603613957,10.108087793805877,2.8148826107413023
8,14.256070435248677,3.533333133338892,2.947301395550316
3,12.949112670775381,3.521533424469241,1.4490357323408367
11,8.863714244277293,1.658655429290947,1.1724880607263004
3,9.16995637756698,1.9131402932371702,1.7102862735223259
2,8.404107337437553,2.5079531673292763,0.5584812074181744
8,18.625437684505876,6.3397137490731374,1.946143751088898
6,23.174800214950416,8.74768561546773,1.8508593142896794
8,17.46169329842569,5.33242142364484,2.5977585038274684
2,15.950264459633825,4.586625477666569,0.09417022249234766
8,16.219107124561347,5.16423054563684,2.234513134293257
11,7.993979274234858,2.193889317589281,1.3929811889787849
12,3.424956186503168,1.1881028899744366,0.8334961127656064
6,24.409458390056805,10.750541563710458,1.210061049791776
9,13.473069290942876,3.5865058737409155,2.2849769701536515
9,11.54874544015728,3.623195598984853,1.9956494370835012
10,1.8863526103793617,0.8748611804052194,1.5979851201102984
11,7.457253823576415,2.117940175277422,0.21351182582764328
8,27.52007282850219,15.818494778706384,1.9848999111473298
12,2.0400159318656605,0.9858633137062099,0.744385145649284
9,15.3655167096691,4.481865101547131,1.0707718621521736
7,21.5309112386085,13.546673246467508,2.30772654508575
4,13.572348805804985,5.171522200562329,2.7750135130427704
4,14.851392946986222,3.896437662435345,2.2100357674642184
11,4.868367857831751,2.1573300206678754,1.5865677508692448
2,12.546708758388222,3.7688452626593962,0.7384529204828149
9,19.787086938091186,10.887274709070118,1.866577084755878
3,12.050383324225905,2.521709437719125,0.5361983464636373
12,3.889997159108553,1.3229447437661912,0.36091849817318195
9,19.249170550849545,6.743093083470309,1.938103106595287
7,20.153021173310254,8.488346565996524,1.3037871784127248
10,3.830291651749799,1.7732480312031103,1.4001066682294934
12,6.030567522701979,1.8543376707399462,-0.08564074820896739
1,2.407230564155589,1.506258535138784,1.2111061736765725
7,24.089504058822396,12.682946978889948,2.8646143396187904
5,35.199788663354546,44.434815514130484,2.425899443808869
10,11.80342300055265,4.13521342109762,1.290252045686982
8,19.546874175123673,11.086235036512406,2.2600147285400953
4,24.56858263708957,11.417085694779365,1.147538458035085
3,12.86355075731532,3.2519619725008764,1.4842672300873379
4,19.599276817742822,6.806422875386891,1.4633901974576837
12,6.593687983931661,2.027030871716222,1.1627364901313324
5,27.13905641111159,21.23379955378398,2.1669355968381385
2,2.6387162095826397,1.1635236269269569,1.7264679666152725
6,24.837707348905074,8.415364144833761,2.4492988439790366
12,4.419485600255954,2.0130134819661802,0.5902392032100964
8,21.855094234847865,8.670987785324435,1.7239021578605076
12,5.589269465912121,2.229603710122192,0.4012753332503007
9,18.327997631619937,7.65332560264731,1.6734861029534032
11,13.345411512299531,3.442893549153188,0.8842903989606262
2,8.175019610158248,1.6498758995823886,-0.03384930672406217
3,19.261311052619554,9.245103447478805,1.450901531549502
12,-2.012380913350448,0.670664900762037,0.6462448968241952
1,8.345496373060127,2.5487420416373205,1.463384545861981
10,14.098326270433757,3.539410800790155,0.943987701041455
3,13.788930116496527,5.411846845973271,1.6601196333809534
1,9.232553214403815,2.6553399014927663,0.0666684882699455
8,26.359674088693225,17.914970050990846,2.322997620532584
6,23.127852927366277,7.56005855238512,3.0528182414757765
5,27.617525923508047,15.54646479289485,2.7990718098651834
10,9.736585893612292,2.2454040820187617,0.6502132903558004
7,22.20765052611896,11.49294498164112,2.2167883590947035
4,26.50123307582925,17.112562189469514,1.604108244304274
1,7.298698914336794,2.113583123865402,-0.27894061341235815
11,11.699390391426558,3.245238065116,0.016743392205064024
6,31.429644213703437,25.013487315680607,2.3640622920333185
8,21.66585589893393,6.748187132444733,2.445026580771304
8,15.449368505429167,4.752409760497118,1.906521196887482
1,8.406262733288951,2.6123715449089633,1.0599193245179521
8,17.530042264664853,7.091034547461181,1.5881932379797237
4,15.533780400752281,3.010325446708257,1.3949556864233268
2,11.537247782732425,2.4983728446620916,-0.20134903773731755
5,17.94769150039879,5.772350523631207,2.195715183672717
8,23.324895757495657,11.839359734317936,2.222700111438409
2,11.244467109723672,2.691917639586808,1.6912812731378999
3,14.348029497565912,4.20858684094377,0.9989703212583287
5,18.527139550480648,11.70523057414059,1.9035750730007295
10,3.662769753195163,1.2871061088631284,0.8809720110213498
2,7.67171858699113,1.8224019626412784,0.9765343345639999
9,20.791045300226276,8.531390137510375,2.138955429423962
8,23.6335270815214,11.40027683841733,1.9381353937864352
6,22.393105914848974,11.570958145917745,2.090790404996264
1,3.150827002907934,1.7561702580029288,1.5723418998718555
8,30.090427947244052,13.770141736214299,1.3844753885197898
9,15.54663993444342,5.854318674298756,0.6236031706156688
8,23.55383942719923,10.883237687638891,2.127178332215895
4,13.917566653991326,4.760821674129179,2.1628431617225803
11,11.655734787632124,3.1849260095544123,0.5193113640245567
3,18.49749760625855,6.651248335722789,2.193739232420194
9,13.851709427501874,2.9308635210317373,1.435593380166173
10,3.9395186996352924,1.5657280561071045,1.7273295120688088
4,15.325256552709673,3.849524822990055,2.0079610900015394
12,9.867125205632115,2.249105473498242,0.020220048883979214
3,11.080843402594876,2.6785642212833247,1.9127905937508058
12,1.7189041919327486,1.2414991583819865,0.7699763613348204
9,11.253078435153686,3.229868774252106,1.980352143158626
10,11.822699535802405,2.440952321027879,1.0049041694625873
4,29.259172268904933,23.01481275361001,1.6525473154535602
7,17.671990237616967,7.075315704595173,2.499882643752139
5,28.718411467272215,18.81910781709929,3.1368719346432137
11,6.901964789221011,1.531723036885144,0.9540998334999075
8,24.496922726060035,13.918625940916955,2.781490828712876
2,10.883519257983279,2.3571397232426463,1.6310553411488913
2,12.002872688757602,4.185416810046967,0.6009127754785909
5,15.187445373144595,5.596685701248686,2.6036278793693537
11,6.4765038400381485,1.5189301635287902,1.3278925687098717
2,6.748667780128743,1.5492955391215588,1.3313133542839182
2,-1.7030139860103315,0.6335200125391237,1.4827549097633552
7,20.604369189415223,7.798463430784422,2.491695423633142
7,25.978874973457085,10.678356299751504,2.3280766052001414
5,26.550798905582713,10.315332832142063,3.207569676837416
5,19.332059698875337,7.739421558987406,2.0452775301680806
12,10.462890163810773,3.2094120492064633,0.5165866919348977
4,14.962601955253454,4.714510416117718,2.85195149678545
8,18.53522349068871,6.08132949226683,1.7019672680297555
2,14.05966019178774,3.805277008379689,1.869044341044058
2,12.880970992992996,2.86730634207247,1.7490528863312247
1,1.7881754864170647,1.5711341177179614,0.8237762444397891
6,22.975554038999423,12.146743042164067,2.213147272305164
9,6.748538767682199,1.1984985543452171,1.002066480625104
3,20.867564833759424,7.781057340722298,1.7367656576408945
7,28.488048501101918,14.55027152427559,2.38726870812263
2,16.52276779846273,5.071265122755792,1.0678219627549341
6,17.989839224843625,4.4042155813914805,2.502033110372826
3,19.604167825932457,7.034716132797813,1.5693464606964864
8,20.407363312350046,7.3328244736000014,2.001214163313588
9,11.191826652350375,3.3432641214562873,1.962809150394465
8,27.382967600590163,12.676727887317737,2.292311956028795
6,24.60225191806494,13.403047652906324,2.785075436726617
6,25.89734166372821,19.708891375049667,2.6976983150440246
5,23.48686550206277,5.845299033094682,2.520737471067171
7,27.52670678850395,9.749717204593706,2.4294027013800115
1,15.722321262779392,5.9668370843153475,0.784730062411814
9,11.970049855540132,3.8830834605049542,2.0358951666513385
3,22.17773826659106,9.26410251669713,1.8026873459398396
8,17.78669497769454,5.751079023247282,1.4722327103892405
1,3.6575662258121726,1.4886964643097642,1.027233399506495
1,13.545862433059572,5.169405086411289,-0.03321034187768062
6,28.449085964787525,9.58413796311823,2.400158592381815
2,8.645085716955132,2.6675460613309987,1.9472586798334164
7,22.36896143563362,7.981526745678178,3.0323172535318568
5,13.005995966095933,3.288958855988724,2.4559997725751033
3,12.443996655016525,4.1497488639514755,1.0301127672102257
11,9.66451462960848,3.1968498639135015,0.9137207414820967
10,10.650958119123043,2.7488996416333213,0.8837128103072882
5,23.66727438607097,9.34607110196595,3.297520145539992
10,19.77277149270755,8.959008681584246,0.553493122634894
12,8.166300378096313,2.2614805149370603,0.7258619264782509
10,12.385053996897163,3.677950709543139,2.098390370981389
12,9.709117663670595,2.881023166924319,0.9986686848173781
8,24.142381518837535,7.405904699882045,3.1583394946033985
3,5.534220236854981,2.0533342192948454,1.6191984031168254
7,23.235271018516652,12.615202897255992,1.9661462054269112
11,10.681155059587773,3.6102687127841246,0.2868342853373203
11,2.3722997327612045,1.373193944880375,0.757760496551703
9,13.979205653094613,3.2409712844560845,1.7853233070027352
4,13.190284357475564,4.778940111345482,2.825134254056419
12,-1.627903536132286,1.1283987283689305,0.11888406658930939
4,26.509774146779076,12.645808045034938,1.601463067647372
7,15.200232258170114,4.267372573199562,2.498929722275369
12,-2.0178914453314967,0.9582185282162635,1.036347038870451
5,27.508262132547156,12.706246719125554,2.449717044603993
6,30.108074829738722,21.533516931595045,3.198705201922353
10,10.523249164444636,3.373765006335082,0.7422551998818583
7,19.946901295675776,8.86585278575317,1.8650039292937841
12,1.9673653367369184,1.103373888501069,0.9045776135151334
6,27.434910156053792,17.788197506348617,3.2017417934161956
5,20.96268625266992,11.00276862298332,2.9599032220876595
8,22.000142157189426,9.35056747819808,2.2037401993635664
6,26.4099194257608,21.630470779624545,2.63782458776694
10,4.688310620148043,1.7446382047028712,0.9659997902843145
8,24.887032880814235,13.819123439759604,1.6573323663938646
2,12.559063516635645,2.939800295408966,0.613418787299125
8,14.379060871574762,4.196354627490585,1.4147706226276064
12,6.10896318600358,1.831513588945272,-0.27847092557221453
3,11.61542644273576,3.6095134893176053,1.1151129341199455
4,19.705783144701357,8.074693502514862,1.8970116104020605
10,12.928396619528062,3.6464010625338816,0.3471659233008326
4,13.819244775533662,4.037856891352858,2.21464290848567
9,17.842577736079388,6.596922743735288,0.7105154929983912
9,14.145094428478831,3.593791872789075,2.277624274299525
5,31.532557808443393,28.453447033097586,2.118423245577057
3,14.554782057516867,4.036605595608056,2.1074614813511774
6,20.0318012849681,8.597901102432743,2.0026774447427576
5,16.841473402074286,2.797107147494147,2.166170728425763
7,26.49381030997221,13.284559790128798,2.1545086285550616
4,16.2014926000677,4.738251549415436,2.2895469190582474
2,14.61173094613081,4.954881636515623,1.856723566789356
11,-0.49817888716816583,0.7648878366618223,2.20650432988596
8,9.974449459193849,2.760978332253836,2.1676172048583666
9,14.156580462978193,4.789276674060398,1.8090349879899628
9,7.777292265261045,2.087233108803912,2.075160624609444
11,6.83992224574907,2.077676065425365,0.7543552331741904
4,18.814521585494205,6.9733842172082845,1.4923270119455987
7,32.164873191456536,19.37606650819896,2.5272416695244777
4,21.90640029215966,6.868875145606738,2.092684593389207
1,4.257754936200659,1.6539428235043205,1.2064244900511287
10,6.978021250788261,2.142805859235716,1.1605121527567213
2,10.304896082764646,3.201920919188438,0.42896442225726156
9,11.439699221837817,2.7540303918735014,1.6652916993669196
3,14.877688701805646,3.3125960185426435,1.7472794898322128
8,20.38445934124233,7.141844439825859,1.9158918931047464
2,17.737237896573713,8.069447880987353,1.4188055069254213
10,16.227031378681453,4.4003159351019345,1.6514137604640169
2,9.27125192953699,2.839686622091043,-0.18151250782783138
4,22.44273211665594,9.297761320881449,1.7121876707403374
2,1.162603708866671,1.3037508410509826,1.7880486634358963
9,15.833236349051685,5.722429812427653,0.9405187920627598
10,2.931020363046123,1.632755502582249,0.952443307350165
4,22.41114589859894,9.197407332562658,2.5804722764701746
4,27.63779347276781,20.64284799148181,1.8047106819201653
3,23.654437905126876,9.55781113484704,1.257712088795162
4,14.59770331633896,3.273894883321287,1.1135708166424665
9,16.82122420850478,4.333060607939547,1.1494082190901387
7,28.51935147085533,12.007649021576517,2.836794596776159
8,24.897083130812163,14.019898869843262,2.463266015431744
8,24.00988020864165,12.654751965460498,2.4553283862391946
1,9.072255452906608,3.0775340407567713,0.5759576275858844
11,7.6543328206136385,2.3937146040452957,0.6692846153991182
6,27.08654133034964,16.19147871994158,2.1724352684864647
1,8.204993356642419,2.2318327085202148,0.16279176698161255
11,-2.462326440065061,0.6321797968780682,0.6436031521907687
4,14.444310318172445,5.2395602083550745,1.7912170539847752
8,25.32124287354299,11.31240879940316,1.8737625054988056
10,7.429125937532679,1.9217611804284138,0.7223588466120372
6,23.051531925634855,12.614096114709733,1.982104733327188
5,23.211601307059947,10.193347074013948,1.6456877221958608
4,17.268278115127945,5.300290608067758,1.4089840195950112
5,24.928367809621,9.765588468072465,2.044936845778907
12,5.774981139063428,1.577209135763967,0.2429809646442764
11,4.83211948052492,1.5611968385671342,1.772657607642688
7,29.462684757309315,12.60435323162692,1.9065054323528714
10,-0.7323083736905964,0.9547015730599754,1.3347458804496406
12,11.498877685581235,2.2098009591958534,-0.23280478413526035
8,18.677670705926477,8.534407699680324,1.7919911578648708
6,30.675719793049172,24.443672666563305,1.5457087530797047
8,25.461329746827275,12.341365744287343,2.9285810472676963
12,7.99001927903703,2.0141856954515083,0.697917955387603
4,18.038647676602032,5.490863859698237,2.360087833651803
10,10.513570935313826,3.666939129657067,0.9192359191672206
1,0.11748232356678034,0.9776682524937114,0.6662449751726299
10,13.525255168566819,4.721559252890217,1.0494814742720635
9,12.623637528616097,4.5488587521053825,2.1298576302286363
3,12.238765525589185,3.6456728554290123,1.6067256041586135
1,-4.602081259828886,0.5546008732076475,-0.09648338928197725
7,17.282420350798898,7.014881537985672,2.1087837394035716
10,10.043369531701558,2.663831604286376,1.5209973771554268
6,27.864511742908505,18.6089746269856,2.7424642846438
2,11.5485200524465,3.2725340059721444,0.8150615358008756
4,22.577275436748383,14.005745751197356,2.4127422404123
11,12.984948177834058,4.137592322341789,-0.30195403904940865
5,20.80478206342273,7.142219985881158,2.4670909954568003
10,10.064186528173789,2.2527648765504695,1.3893060961870187
3,20.19104531836689,9.421739141507523,1.348016802825092
2,3.227164488675381,1.263858627929852,1.48529262498333
4,31.11357183649234,17.103079290740297,2.5301080952788237
6,22.073811021072743,10.714524664543081,3.389171983719452
5,30.017203632739314,19.49445936484175,2.240311370194722
7,17.200581265768474,6.374843206807952,1.9139601637980375
3,10.129576482021069,2.903087151017698,1.3484956808096946
9,18.50383522641694,6.92706634981427,1.8123014453125508
11,17.57953123091989,6.8875270942514435,0.36746722221211936
9,9.657696893688415,2.873510485525968,0.9718302560871369
9,18.018091912103444,5.05866774964648,1.1148634094510363
2,13.217259601112978,3.2906747164023993,1.567396966263284
2,6.657599508372529,2.2153088904021065,1.1195080748914805
1,-0.04581959629210797,0.9214025093816708,0.22719802695688848
2,7.269103957105321,1.8937024925903065,2.11539764896694
7,20.04235652878086,6.205838204515802,2.8339437103541147
3,8.854977239815174,2.461089678231601,1.2139227620131496
5,23.28614056217158,8.424452880438057,2.030472467165039
8,20.191349834863722,6.791000396615371,3.127953387027812
1,8.65510786444442,2.746556793628962,0.8228441850172361
4,19.168507090557156,9.558154488751441,1.4677425508372246
11,15.187555513775735,3.8690062042907054,0.5581864061243603
1,9.365850237733866,2.816447665501599,0.9103612932125312
